{
  "stage_name": "Stage1_V5Uniform",
  "config": {
    "name": "Stage1_V5Uniform_Basic",
    "episode_length": 10,
    "dt": 0.01,
    "max_episodes": 150,
    "Hs": 1.0,
    "T1": 8.0,
    "q_des_type": "constant",
    "enable_burst_step": false,
    "save_dir": "models_v5_uniform/stage1"
  },
  "best_reward": -0.15728808465450012,
  "best_ise": 0.0015728808465450034,
  "best_episode": 133,
  "final_avg_reward": -0.8423837795570739,
  "final_avg_ise": 0.008423837795570736,
  "training_time_sec": 1154.4414057731628
}